step,epoch,train_loss,val_loss,val_ppl,lr,grad_norm,seconds
10,0,4.603832,,,6.666667e-07,49.1954,3.7
20,0,3.802448,,,1.333333e-06,37.6237,4.1
30,0,2.899380,,,2.000000e-06,31.1799,4.5
40,0,1.364809,,,2.666667e-06,19.3794,4.9
50,0,0.955023,,,3.333333e-06,11.6562,5.2
50,0,,0.813769,2.2564,3.333333e-06,,5.7
60,0,0.684290,,,4.000000e-06,10.1054,9.0
70,0,0.635425,,,4.666667e-06,8.8907,9.3
80,0,0.544164,,,4.999913e-06,7.8222,9.7
90,0,0.533617,,,4.998928e-06,7.8499,10.1
100,0,0.476801,,,4.996851e-06,6.0970,10.5
100,0,,0.428132,1.5344,4.996851e-06,,11.0
110,0,0.494877,,,4.993682e-06,5.9298,14.4
120,0,0.480894,,,4.989422e-06,6.0954,14.8
130,0,0.372495,,,4.984074e-06,5.1039,15.1
140,0,0.549792,,,4.977641e-06,8.1788,15.5
150,0,0.352255,,,4.970124e-06,6.6057,15.9
150,0,,0.359806,1.4331,4.970124e-06,,16.4
160,0,0.377715,,,4.961528e-06,5.7156,19.7
170,0,0.378769,,,4.951858e-06,6.5692,20.1
180,0,0.371908,,,4.941118e-06,5.5782,20.5
190,0,0.423923,,,4.929312e-06,5.9342,20.9
200,0,0.426857,,,4.916447e-06,6.6817,21.3
200,0,,0.349243,1.4180,4.916447e-06,,21.8
210,0,0.348670,,,4.902530e-06,5.6989,27.9
220,0,0.438414,,,4.887566e-06,7.0454,28.3
230,0,0.294731,,,4.871564e-06,4.6216,28.7
240,0,0.411047,,,4.854530e-06,6.3813,29.1
250,0,0.381417,,,4.836473e-06,4.7625,29.5
250,0,,0.327639,1.3877,4.836473e-06,,30.0
260,1,0.374846,,,4.817403e-06,5.4050,33.3
270,1,0.321262,,,4.797327e-06,5.3208,33.7
280,1,0.357690,,,4.776257e-06,4.7716,34.1
290,1,0.378791,,,4.754201e-06,6.4494,34.5
300,1,0.325673,,,4.731172e-06,4.3019,34.9
300,1,,0.323568,1.3820,4.731172e-06,,35.4
310,1,0.322542,,,4.707180e-06,4.4880,38.7
320,1,0.315467,,,4.682236e-06,5.5291,39.1
330,1,0.385363,,,4.656354e-06,5.8907,39.5
340,1,0.319368,,,4.629545e-06,4.9211,39.9
350,1,0.424976,,,4.601822e-06,8.5610,40.3
350,1,,0.312366,1.3667,4.601822e-06,,40.8
360,1,0.295812,,,4.573199e-06,6.4032,44.1
370,1,0.332611,,,4.543691e-06,4.4282,44.5
380,1,0.382265,,,4.513310e-06,4.9770,44.9
390,1,0.345061,,,4.482073e-06,4.9719,45.3
400,1,0.266676,,,4.449994e-06,3.9562,45.7
400,1,,0.296542,1.3452,4.449994e-06,,46.2
410,1,0.341348,,,4.417088e-06,6.3692,52.3
420,1,0.313938,,,4.383372e-06,5.1872,52.7
430,1,0.315997,,,4.348863e-06,5.3656,53.1
440,1,0.299805,,,4.313576e-06,4.2363,53.5
450,1,0.335914,,,4.277529e-06,5.7760,53.9
450,1,,0.293992,1.3418,4.277529e-06,,54.5
460,1,0.325347,,,4.240740e-06,5.9375,57.7
470,1,0.317468,,,4.203227e-06,5.9221,58.1
480,1,0.320646,,,4.165007e-06,5.2975,58.5
490,1,0.281149,,,4.126099e-06,4.3021,58.9
500,1,0.307941,,,4.086523e-06,5.0849,59.3
500,1,,0.272162,1.3128,4.086523e-06,,59.9
510,2,0.264923,,,4.046297e-06,5.9475,63.1
520,2,0.275796,,,4.005441e-06,5.1244,63.5
530,2,0.352002,,,3.963975e-06,5.4429,63.9
540,2,0.273424,,,3.921919e-06,4.6741,64.3
550,2,0.265083,,,3.879293e-06,5.2131,64.7
550,2,,0.259134,1.2958,3.879293e-06,,65.3
560,2,0.297466,,,3.836119e-06,5.5282,68.6
570,2,0.284461,,,3.792416e-06,6.4289,69.0
580,2,0.253203,,,3.748207e-06,5.6567,69.4
590,2,0.263324,,,3.703513e-06,5.4183,69.9
600,2,0.256765,,,3.658355e-06,5.1920,70.3
600,2,,0.241680,1.2734,3.658355e-06,,70.9
610,2,0.264337,,,3.612756e-06,4.9356,77.1
620,2,0.223077,,,3.566738e-06,4.8460,77.5
630,2,0.273140,,,3.520322e-06,6.3569,77.9
640,2,0.253099,,,3.473532e-06,5.6367,78.3
650,2,0.257352,,,3.426391e-06,6.1221,78.7
650,2,,0.230424,1.2591,3.426391e-06,,79.2
660,2,0.302103,,,3.378921e-06,6.3456,82.6
670,2,0.218660,,,3.331145e-06,5.8239,83.0
680,2,0.243498,,,3.283087e-06,5.1644,83.3
690,2,0.279418,,,3.234769e-06,5.9791,83.7
700,2,0.242550,,,3.186216e-06,5.9911,84.1
700,2,,0.226435,1.2541,3.186216e-06,,84.7
710,2,0.257996,,,3.137451e-06,5.5698,88.0
720,2,0.279463,,,3.088498e-06,6.1152,88.4
730,2,0.304794,,,3.039380e-06,6.0483,88.8
740,2,0.257784,,,2.990122e-06,6.6265,89.2
750,2,0.225383,,,2.940747e-06,5.8071,89.6
750,2,,0.221773,1.2483,2.940747e-06,,90.1
760,3,0.277867,,,2.891279e-06,5.6466,93.5
770,3,0.214423,,,2.841742e-06,5.1843,93.9
780,3,0.239595,,,2.792161e-06,5.2913,94.3
790,3,0.266422,,,2.742559e-06,6.9919,94.7
800,3,0.268330,,,2.692961e-06,5.7919,95.1
800,3,,0.220425,1.2466,2.692961e-06,,95.6
810,3,0.203617,,,2.643391e-06,4.8204,101.7
820,3,0.246846,,,2.593873e-06,5.5967,102.1
830,3,0.198492,,,2.544430e-06,4.9556,102.5
840,3,0.282932,,,2.495087e-06,6.4632,102.9
850,3,0.256845,,,2.445869e-06,5.2272,103.3
850,3,,0.206584,1.2295,2.445869e-06,,103.8
860,3,0.190450,,,2.396798e-06,4.4989,107.2
870,3,0.222486,,,2.347898e-06,6.1189,107.6
880,3,0.214801,,,2.299194e-06,5.3724,108.0
890,3,0.213085,,,2.250710e-06,5.4239,108.4
900,3,0.192833,,,2.202468e-06,5.3428,108.8
900,3,,0.201659,1.2234,2.202468e-06,,109.3
910,3,0.259731,,,2.154492e-06,5.8969,112.5
920,3,0.188366,,,2.106805e-06,4.7686,112.9
930,3,0.194029,,,2.059431e-06,5.1468,113.3
940,3,0.268473,,,2.012393e-06,5.5426,113.7
950,3,0.240538,,,1.965713e-06,5.7066,114.1
950,3,,0.198481,1.2195,1.965713e-06,,114.6
960,3,0.253650,,,1.919414e-06,5.3938,117.9
970,3,0.204007,,,1.873519e-06,6.6219,118.4
980,3,0.240162,,,1.828050e-06,5.5458,118.8
990,3,0.230320,,,1.783029e-06,5.8172,119.2
1000,3,0.207752,,,1.738478e-06,6.0402,119.7
1000,3,,0.192409,1.2122,1.738478e-06,,120.2
1010,4,0.210622,,,1.694419e-06,5.7244,126.7
1020,4,0.258658,,,1.650873e-06,5.7423,127.1
1030,4,0.230784,,,1.607861e-06,5.6098,127.5
1040,4,0.223464,,,1.565404e-06,5.3673,127.9
1050,4,0.221921,,,1.523522e-06,6.4662,128.3
1050,4,,0.190856,1.2103,1.523522e-06,,128.8
1060,4,0.186999,,,1.482237e-06,7.5501,132.1
1070,4,0.212238,,,1.441568e-06,5.5007,132.5
1080,4,0.214926,,,1.401535e-06,5.3329,132.9
1090,4,0.209310,,,1.362157e-06,5.8625,133.2
1100,4,0.184835,,,1.323454e-06,4.9269,133.6
1100,4,,0.185245,1.2035,1.323454e-06,,134.2
1110,4,0.263385,,,1.285444e-06,6.0390,137.7
1120,4,0.230602,,,1.248146e-06,6.2907,138.1
1130,4,0.225113,,,1.211578e-06,5.8796,138.5
1140,4,0.228047,,,1.175757e-06,6.5158,138.9
1150,4,0.209216,,,1.140702e-06,5.3073,139.3
1150,4,,0.187717,1.2065,1.140702e-06,,139.8
1160,4,0.244164,,,1.106429e-06,6.1107,140.2
1170,4,0.177920,,,1.072955e-06,4.5828,140.7
1180,4,0.245438,,,1.040295e-06,5.8670,141.1
1190,4,0.221930,,,1.008467e-06,5.7657,141.5
1200,4,0.197478,,,9.774849e-07,5.2186,141.9
1200,4,,0.184849,1.2030,9.774849e-07,,142.4
1210,4,0.202902,,,9.473644e-07,5.2243,147.5
1220,4,0.211191,,,9.181201e-07,5.1888,147.9
1230,4,0.213211,,,8.897660e-07,5.8022,148.3
1240,4,0.230775,,,8.623161e-07,6.7288,148.7
1250,4,0.239422,,,8.357836e-07,6.0830,149.1
1250,4,,0.181822,1.1994,8.357836e-07,,149.7
1260,5,0.213756,,,8.101815e-07,5.0037,151.7
1270,5,0.194716,,,7.855221e-07,5.2775,152.1
1280,5,0.208814,,,7.618175e-07,6.2576,152.5
1290,5,0.211106,,,7.390793e-07,5.8498,152.9
1300,5,0.186537,,,7.173183e-07,4.8158,153.3
1300,5,,0.184378,1.2025,7.173183e-07,,153.9
1310,5,0.295205,,,6.965453e-07,6.8485,154.3
1320,5,0.250425,,,6.767703e-07,5.8134,154.8
1330,5,0.200028,,,6.580029e-07,5.2426,155.2
1340,5,0.198161,,,6.402523e-07,6.7897,155.6
1350,5,0.232924,,,6.235270e-07,6.3637,156.1
1350,5,,0.183538,1.2015,6.235270e-07,,156.6
1360,5,0.233458,,,6.078353e-07,5.8746,157.0
1370,5,0.208917,,,5.931846e-07,5.0582,157.4
1380,5,0.236470,,,5.795823e-07,5.3057,157.8
1390,5,0.188399,,,5.670348e-07,6.5219,158.2
1400,5,0.192413,,,5.555482e-07,5.2979,158.6
1400,5,,0.180436,1.1977,5.555482e-07,,159.2
1410,5,0.233101,,,5.451282e-07,6.4844,163.6
1420,5,0.185337,,,5.357798e-07,6.0165,164.0
1430,5,0.247431,,,5.275076e-07,5.7924,164.4
1440,5,0.242462,,,5.203155e-07,6.5814,164.8
1450,5,0.184419,,,5.142071e-07,4.9697,165.2
1450,5,,0.180023,1.1972,5.142071e-07,,165.7
1460,5,0.212148,,,5.091853e-07,5.1757,169.2
1470,5,0.243574,,,5.052526e-07,5.7497,169.6
1480,5,0.295867,,,5.024109e-07,6.7581,170.0
1490,5,0.187263,,,5.006616e-07,5.5103,170.4
1500,5,0.198676,,,5.000055e-07,5.9349,170.8
1500,5,,0.178999,1.1960,5.000055e-07,,171.3
