accuracy,chance,epochs,experiment,format,language,lift,lm_bpb,lm_ppl,lr,n_train,ppl_ratio,tag,variant
20.2,25.95,1,recipe,99.6,marathi,-5.75,0.5023425880974453,9.352057371014327,5e-06,8000,1.0941,grid_plain_5e6,plain
24.2,25.95,1,recipe,99.9,konkani,-1.75,0.7171238919956934,28.314561678892,5e-06,8000,1.0833,grid_plain_5e6,plain
14.1,25.95,1,recipe,99.6,marathi,-11.85,0.54409391901831,11.261660307944076,2e-05,8000,1.3175,grid_plain_2e5,plain
24.1,25.95,1,recipe,99.9,konkani,-1.85,0.765976197609666,35.556945893049516,2e-05,8000,1.3604,grid_plain_2e5,plain
14.1,25.95,1,recipe,99.6,marathi,-11.85,1.8650576255314602,4024.453619681297,0.0001,8000,470.8187,grid_plain_1e4,plain
14.2,25.95,1,recipe,99.9,konkani,-11.75,1.6419174020587903,2111.069736883768,0.0001,8000,80.7706,grid_plain_1e4,plain
9.4,25.95,1,recipe,79.5,marathi,-16.55,0.5094892149334823,9.654279542199356,5e-06,8000,1.1294,grid_rationale_5e6,rationale
21.7,25.95,1,recipe,94.8,konkani,-4.25,0.7293164266531582,29.970701114292662,5e-06,8000,1.1467,grid_rationale_5e6,rationale
10.8,25.95,1,recipe,99.9,marathi,-15.15,0.5584980756843796,12.007212228027814,2e-05,8000,1.4047,grid_rationale_2e5,rationale
19.0,25.95,1,recipe,97.7,konkani,-6.95,0.78783813196271,39.372211207594006,2e-05,8000,1.5064,grid_rationale_2e5,rationale
0.1,25.95,1,recipe,99.2,marathi,-25.85,1.1168140162542919,144.0563313392592,0.0001,8000,16.8531,grid_rationale_1e4,rationale
6.7,25.95,1,recipe,99.9,konkani,-19.25,1.1796623393696912,244.6488088828493,0.0001,8000,9.3604,grid_rationale_1e4,rationale
16.2,25.95,3,epochs,99.6,marathi,-9.75,0.5068194836757844,9.540253672921056,5e-06,8000,1.1161,epochs_e3,plain
25.1,25.95,3,epochs,99.9,konkani,-0.85,0.724395101172476,29.290875846358013,5e-06,8000,1.1207,epochs_e3,plain
19.6,25.95,6,epochs,99.6,marathi,-6.35,0.5088278417378425,9.62590552200081,5e-06,8000,1.1261,epochs_e6,plain
28.2,25.95,6,epochs,99.9,konkani,2.25,0.732994533830422,30.489072856279435,5e-06,8000,1.1665,epochs_e6,plain
18.6,25.95,12,epochs,99.6,marathi,-7.35,0.5225199952894204,10.230697127869165,5e-06,8000,1.1969,epochs_e12,plain
27.4,25.95,12,epochs,99.9,konkani,1.45,0.7535416302371349,33.554234160817366,5e-06,8000,1.2838,epochs_e12,plain
19.5,25.95,6,samples,99.6,marathi,-6.45,0.49810116634181417,9.17718562705521,5e-06,500,1.0736,n500,plain
15.4,25.95,6,samples,99.9,konkani,-10.55,0.7122258921198833,27.675312103596372,5e-06,500,1.0589,n500,plain
21.1,25.95,6,samples,99.6,marathi,-4.85,0.5003441243155412,9.269250381473766,5e-06,1000,1.0844,n1000,plain
22.4,25.95,6,samples,99.9,konkani,-3.55,0.7154772346952072,28.09802167476077,5e-06,1000,1.075,n1000,plain
19.5,25.95,6,samples,99.6,marathi,-6.45,0.5037106941547977,9.409171440217225,5e-06,2000,1.1008,n2000,plain
25.6,25.95,6,samples,99.9,konkani,-0.35,0.7186202400955862,28.512782511752906,5e-06,2000,1.0909,n2000,plain
14.8,25.95,6,samples,99.6,marathi,-11.15,0.5067225599100942,9.536139429960636,5e-06,4000,1.1156,n4000,plain
25.4,25.95,6,samples,99.9,konkani,-0.55,0.7229532860227516,29.094641896082777,5e-06,4000,1.1132,n4000,plain
19.6,25.95,6,samples,99.6,marathi,-6.35,0.5088278417378425,9.62590552200081,5e-06,8000,1.1261,n8000,plain
28.2,25.95,6,samples,99.9,konkani,2.25,0.732994533830422,30.489072856279435,5e-06,8000,1.1665,n8000,plain
19.6,25.95,6,final,99.6,marathi,-6.35,0.499094961071814,9.719085400198423,5e-06,8000,1.137,final,plain
28.2,25.95,6,final,99.9,konkani,2.25,0.7409759522743969,30.85277358398446,5e-06,8000,1.1804,final,plain
