step,tokens,train_loss,val_loss,val_ppl,lr,grad_norm,seconds,tokens_per_sec
1,131072,7.936984,,,3.947368e-06,4.7897,4.1,319314
10,1310720,7.328458,,,3.947368e-05,1.1992,38.1,38606
20,2621440,7.017735,,,7.894737e-05,1.2144,72.4,38201
30,3932160,6.628229,,,1.184211e-04,0.7622,106.6,38345
40,5242880,6.119653,,,1.578947e-04,1.0826,141.6,37404
50,6553600,5.842356,,,1.973684e-04,0.8464,176.3,37823
60,7864320,5.428079,,,2.368421e-04,0.9497,210.1,38750
70,9175040,5.132102,,,2.763158e-04,0.9243,244.3,38351
80,10485760,4.800020,,,2.999996e-04,0.7509,278.1,38832
90,11796480,4.736400,,,2.999919e-04,1.0222,312.0,38578
100,13107200,4.717613,,,2.999748e-04,0.5591,346.1,38462
110,14417920,4.371108,,,2.999481e-04,0.7278,380.1,38612
120,15728640,4.389879,,,2.999119e-04,0.6387,413.9,38740
130,17039360,4.258541,,,2.998661e-04,0.8611,447.6,38954
140,18350080,4.262067,,,2.998108e-04,0.5334,481.2,39024
150,19660800,4.184184,,,2.997460e-04,0.5465,514.8,39008
160,20971520,4.125344,,,2.996717e-04,0.7040,548.3,39081
170,22282240,4.233989,,,2.995878e-04,0.6453,581.8,39111
180,23592960,4.152343,,,2.994945e-04,0.5982,617.0,37236
190,24903680,4.071770,,,2.993916e-04,0.5978,651.0,38651
200,26214400,3.992236,,,2.992793e-04,0.6352,684.5,39126
210,27525120,4.040726,,,2.991575e-04,0.5466,717.9,39201
220,28835840,3.999766,,,2.990262e-04,0.5095,751.5,39066
230,30146560,3.930379,,,2.988854e-04,0.7054,785.2,38860
240,31457280,3.832791,,,2.987352e-04,0.7804,818.9,38863
250,32768000,3.875923,,,2.985755e-04,0.6609,852.7,38877
250,32768000,,3.760078,42.9518,2.985755e-04,,855.4,
260,34078720,3.798749,,,2.984064e-04,0.7504,892.4,33019
270,35389440,3.734662,,,2.982279e-04,0.7794,925.8,39250
280,36700160,3.762945,,,2.980400e-04,0.6162,959.1,39298
290,38010880,3.745213,,,2.978426e-04,1.1671,992.9,38816
300,39321600,3.668529,,,2.976359e-04,0.6809,1026.1,39466
310,40632320,3.805907,,,2.974198e-04,0.6151,1059.4,39372
320,41943040,3.595631,,,2.971944e-04,0.9082,1092.8,39263
330,43253760,3.774265,,,2.969596e-04,0.7476,1126.2,39259
340,44564480,3.719267,,,2.967155e-04,0.7685,1159.6,39218
350,45875200,3.574313,,,2.964621e-04,0.8699,1192.9,39372
360,47185920,3.589704,,,2.961994e-04,0.6932,1226.2,39360
370,48496640,3.670534,,,2.959275e-04,1.0021,1259.5,39395
380,49807360,3.593541,,,2.956463e-04,0.6950,1292.8,39363
390,51118080,3.599440,,,2.953558e-04,0.6681,1326.1,39392
400,52428800,3.512616,,,2.950562e-04,0.7303,1359.4,39413
410,53739520,3.426297,,,2.947474e-04,0.8533,1392.6,39405
420,55050240,3.483732,,,2.944294e-04,0.9900,1425.8,39489
430,56360960,3.388853,,,2.941022e-04,0.7159,1459.0,39490
440,57671680,3.504316,,,2.937660e-04,0.9213,1494.0,37465
450,58982400,3.427139,,,2.934206e-04,0.7635,1527.5,39112
460,60293120,3.295053,,,2.930662e-04,0.7519,1560.9,39240
470,61603840,3.328933,,,2.927028e-04,1.0339,1594.3,39306
480,62914560,3.394260,,,2.923303e-04,0.6908,1627.5,39433
490,64225280,3.424953,,,2.919488e-04,0.9721,1660.8,39382
500,65536000,3.300013,,,2.915584e-04,0.9340,1694.0,39483
500,65536000,,3.113638,22.5028,2.915584e-04,,1696.4,
510,66846720,3.254799,,,2.911590e-04,0.7808,1733.5,33214
520,68157440,3.240158,,,2.907507e-04,0.9537,1766.7,39489
530,69468160,3.179893,,,2.903335e-04,0.8812,1800.1,39303
540,70778880,3.278728,,,2.899075e-04,0.8174,1833.6,39051
550,72089600,3.157165,,,2.894726e-04,0.9234,1867.1,39170
560,73400320,3.250872,,,2.890290e-04,0.7559,1900.5,39191
570,74711040,3.034487,,,2.885766e-04,1.0749,1933.9,39303
580,76021760,3.088987,,,2.881154e-04,0.8259,1967.2,39339
590,77332480,3.086264,,,2.876456e-04,0.7704,2000.5,39374
600,78643200,3.160772,,,2.871671e-04,0.7663,2033.9,39266
610,79953920,3.194427,,,2.866800e-04,0.8802,2067.2,39351
620,81264640,3.122760,,,2.861843e-04,0.7668,2100.5,39388
630,82575360,3.026734,,,2.856800e-04,0.8786,2133.8,39386
640,83886080,3.101868,,,2.851672e-04,0.7903,2167.0,39507
650,85196800,3.059828,,,2.846459e-04,0.8768,2200.2,39469
660,86507520,3.003860,,,2.841162e-04,0.9500,2233.4,39493
670,87818240,3.049185,,,2.835780e-04,0.8674,2266.6,39470
680,89128960,3.010891,,,2.830315e-04,0.8685,2299.7,39613
690,90439680,3.035916,,,2.824766e-04,0.8105,2334.6,37518
700,91750400,3.095969,,,2.819134e-04,0.9546,2368.3,38996
710,93061120,2.998021,,,2.813420e-04,0.8980,2401.4,39584
720,94371840,3.011742,,,2.807624e-04,0.7586,2434.6,39449
730,95682560,3.015493,,,2.801745e-04,0.7813,2468.1,39166
740,96993280,2.997403,,,2.795786e-04,1.0699,2501.4,39408
750,98304000,2.998961,,,2.789745e-04,0.8261,2534.7,39263
750,98304000,,2.796956,16.3947,2.789745e-04,,2537.2,
760,99614720,2.945872,,,2.783624e-04,0.8483,2574.1,33338
770,100925440,2.930680,,,2.777423e-04,0.7348,2607.5,39236
780,102236160,2.940280,,,2.771143e-04,0.8801,2640.7,39457
790,103546880,2.883764,,,2.764783e-04,0.8513,2673.9,39545
800,104857600,2.902626,,,2.758344e-04,0.7093,2707.0,39580
810,106168320,2.984137,,,2.751827e-04,0.7604,2740.2,39456
820,107479040,3.038487,,,2.745233e-04,0.8792,2773.5,39400
830,108789760,2.959043,,,2.738560e-04,0.7995,2806.9,39272
840,110100480,2.855126,,,2.731811e-04,0.8203,2840.2,39287
850,111411200,2.861017,,,2.724986e-04,0.8547,2873.5,39375
860,112721920,2.913598,,,2.718085e-04,0.7402,2906.9,39291
870,114032640,2.820381,,,2.711108e-04,0.6933,2940.2,39352
880,115343360,2.860348,,,2.704056e-04,0.7560,2973.5,39387
890,116654080,2.915475,,,2.696930e-04,0.8634,3006.7,39431
900,117964800,2.863336,,,2.689730e-04,0.8869,3040.1,39333
910,119275520,2.879179,,,2.682456e-04,0.7854,3073.5,39221
920,120586240,2.807402,,,2.675110e-04,0.7839,3106.9,39209
930,121896960,2.831733,,,2.667691e-04,0.8007,3140.3,39231
940,123207680,2.820933,,,2.660200e-04,0.7409,3175.3,37523
950,124518400,2.712360,,,2.652638e-04,0.8676,3208.8,39162
960,125829120,2.745095,,,2.645005e-04,0.8589,3242.3,39036
970,127139840,2.793676,,,2.637302e-04,0.7654,3275.8,39173
980,128450560,2.808224,,,2.629529e-04,0.7502,3309.0,39516
990,129761280,2.798009,,,2.621687e-04,0.7676,3342.5,39134
1000,131072000,2.743410,,,2.613776e-04,0.7820,3375.9,39267
1000,131072000,,2.598755,13.4470,2.613776e-04,,3378.3,
1010,132382720,2.758237,,,2.605797e-04,0.7551,3415.3,33250
1020,133693440,2.845208,,,2.597750e-04,0.8345,3448.7,39292
1030,135004160,2.760648,,,2.589637e-04,0.8857,3481.9,39490
1040,136314880,2.778751,,,2.581457e-04,0.7295,3515.4,39084
1050,137625600,2.688260,,,2.573212e-04,0.8463,3548.7,39380
1060,138936320,2.717490,,,2.564901e-04,0.8047,3581.8,39627
1070,140247040,2.712678,,,2.556526e-04,0.7455,3615.0,39489
1080,141557760,2.738603,,,2.548086e-04,0.7499,3648.2,39430
1090,142868480,2.759371,,,2.539584e-04,0.7071,3681.5,39352
1100,144179200,2.702990,,,2.531018e-04,0.7879,3714.9,39351
1110,145489920,2.752796,,,2.522390e-04,0.7556,3748.2,39376
1120,146800640,2.727928,,,2.513701e-04,0.7658,3781.5,39302
1130,148111360,2.720130,,,2.504950e-04,0.8117,3814.8,39328
1140,149422080,2.783436,,,2.496139e-04,0.7244,3848.2,39330
1150,150732800,2.664836,,,2.487268e-04,0.7172,3881.6,39209
1160,152043520,2.513570,,,2.478339e-04,0.7042,3915.0,39211
1170,153354240,2.822767,,,2.469350e-04,0.7039,3948.5,39225
1180,154664960,2.759480,,,2.460304e-04,0.7757,3981.8,39293
1190,155975680,2.711448,,,2.451201e-04,0.9439,4016.7,37653
1200,157286400,2.626687,,,2.442041e-04,0.6716,4049.8,39559
1210,158597120,2.572124,,,2.432825e-04,0.6801,4082.9,39563
1220,159907840,2.641965,,,2.423553e-04,0.7628,4116.3,39264
1230,161218560,2.678061,,,2.414228e-04,0.7226,4149.8,39121
1240,162529280,2.541485,,,2.404848e-04,0.8204,4183.0,39575
1250,163840000,2.620209,,,2.395415e-04,0.7276,4216.3,39276
1250,163840000,,2.468294,11.8023,2.395415e-04,,4218.8,
1260,165150720,2.638822,,,2.385929e-04,0.6986,4255.9,33175
1270,166461440,2.538357,,,2.376391e-04,0.8188,4288.9,39645
1280,167772160,2.591036,,,2.366802e-04,0.6732,4322.2,39389
1290,169082880,2.638190,,,2.357162e-04,0.7626,4355.7,39093
1300,170393600,2.483837,,,2.347472e-04,0.7373,4389.0,39432
1310,171704320,2.660219,,,2.337733e-04,0.7303,4422.2,39462
1320,173015040,2.569491,,,2.327946e-04,0.8170,4455.4,39447
1330,174325760,2.702751,,,2.318110e-04,0.7728,4488.6,39575
1340,175636480,2.626506,,,2.308228e-04,0.6819,4521.8,39428
1350,176947200,2.565472,,,2.298298e-04,0.7658,4555.1,39337
1360,178257920,2.597436,,,2.288323e-04,0.7501,4588.6,39225
1370,179568640,2.628624,,,2.278303e-04,0.7420,4621.9,39351
1380,180879360,2.543559,,,2.268239e-04,0.7122,4655.3,39188
1390,182190080,2.629237,,,2.258131e-04,0.6829,4688.8,39208
1400,183500800,2.605043,,,2.247980e-04,0.7165,4722.2,39174
1410,184811520,2.678791,,,2.237787e-04,0.7378,4755.7,39165
1420,186122240,2.570250,,,2.227552e-04,0.7145,4789.2,39138
1430,187432960,2.585567,,,2.217276e-04,0.8114,4822.7,39127
1440,188743680,2.506759,,,2.206961e-04,0.6591,4857.6,37576
1450,190054400,2.530918,,,2.196606e-04,0.6473,4890.8,39501
1460,191365120,2.475510,,,2.186212e-04,0.6861,4924.1,39364
1470,192675840,2.704346,,,2.175781e-04,0.6317,4957.7,39038
1480,193986560,2.567741,,,2.165312e-04,0.6672,4991.1,39215
1490,195297280,2.567661,,,2.154807e-04,0.6718,5024.5,39261
1500,196608000,2.514377,,,2.144266e-04,0.6711,5058.0,39170
1500,196608000,,2.384474,10.8533,2.144266e-04,,5060.4,
1510,197918720,2.446818,,,2.133691e-04,0.7157,5096.8,33763
1520,199229440,2.487588,,,2.123081e-04,0.6676,5129.6,39920
1530,200540160,2.530659,,,2.112438e-04,0.7212,5162.3,40173
1540,201850880,2.475693,,,2.101762e-04,0.6524,5195.0,40098
1550,203161600,2.470933,,,2.091054e-04,0.6673,5228.5,39050
1560,204472320,2.528339,,,2.080315e-04,0.7215,5261.8,39390
1570,205783040,2.535677,,,2.069546e-04,0.7057,5294.9,39611
1580,207093760,2.534161,,,2.058747e-04,0.7179,5328.3,39250
1590,208404480,2.485540,,,2.047919e-04,0.6471,5361.8,39113
1600,209715200,2.514441,,,2.037064e-04,0.7014,5395.3,39185
1610,211025920,2.407620,,,2.026180e-04,0.7172,5428.7,39197
1620,212336640,2.466583,,,2.015271e-04,0.7065,5462.2,39169
1630,213647360,2.481078,,,2.004335e-04,0.7173,5495.6,39215
1640,214958080,2.543627,,,1.993374e-04,0.6445,5529.0,39298
1650,216268800,2.642756,,,1.982389e-04,0.7046,5562.2,39449
1660,217579520,2.534671,,,1.971381e-04,0.7193,5595.4,39574
1670,218890240,2.476811,,,1.960350e-04,0.6421,5628.7,39314
1680,220200960,2.409548,,,1.949297e-04,0.6282,5662.2,39097
1690,221511680,2.478439,,,1.938223e-04,0.6746,5697.1,37645
1700,222822400,2.430161,,,1.927128e-04,0.7073,5730.6,39061
1710,224133120,2.463840,,,1.916014e-04,0.6775,5764.0,39333
1720,225443840,2.496955,,,1.904881e-04,0.6870,5797.0,39647
1730,226754560,2.402541,,,1.893731e-04,0.6953,5830.6,39086
1740,228065280,2.489712,,,1.882563e-04,0.6601,5864.0,39145
1750,229376000,2.472559,,,1.871378e-04,0.7276,5897.4,39336
1750,229376000,,2.322253,10.1986,1.871378e-04,,5899.8,
1760,230686720,2.461569,,,1.860178e-04,0.6891,5936.1,33885
1770,231997440,2.483641,,,1.848963e-04,0.6771,5969.7,38999
1780,233308160,2.497126,,,1.837734e-04,0.6716,6002.9,39507
1790,234618880,2.484354,,,1.826492e-04,0.6594,6036.1,39447
1800,235929600,2.455549,,,1.815237e-04,0.6203,6069.6,39185
1810,237240320,2.351927,,,1.803970e-04,0.6688,6103.0,39162
1820,238551040,2.437211,,,1.792693e-04,0.6537,6136.6,39067
1830,239861760,2.433485,,,1.781406e-04,0.6812,6170.1,39099
1840,241172480,2.487710,,,1.770109e-04,0.7035,6203.5,39310
1850,242483200,2.467092,,,1.758804e-04,0.7357,6236.8,39303
1860,243793920,2.418901,,,1.747491e-04,0.6574,6270.2,39224
1870,245104640,2.471458,,,1.736171e-04,0.6117,6303.5,39373
1880,246415360,2.431663,,,1.724845e-04,0.7255,6336.8,39449
1890,247726080,2.509876,,,1.713514e-04,0.6008,6370.2,39249
1900,249036800,2.330403,,,1.702179e-04,0.6323,6403.5,39391
1910,250347520,2.446158,,,1.690840e-04,0.6566,6436.7,39428
1920,251658240,2.436291,,,1.679497e-04,0.6863,6470.0,39411
1930,252968960,2.436209,,,1.668153e-04,0.6169,6503.1,39571
1940,254279680,2.568406,,,1.656808e-04,0.7038,6538.1,37432
1950,255590400,2.346641,,,1.645462e-04,0.6471,6571.5,39262
1960,256901120,2.337488,,,1.634116e-04,0.6249,6604.6,39578
1970,258211840,2.386439,,,1.622771e-04,0.6131,6638.2,39081
1980,259522560,2.374633,,,1.611429e-04,0.6497,6671.6,39275
1990,260833280,2.431329,,,1.600089e-04,0.6518,6704.9,39374
2000,262144000,2.428716,,,1.588752e-04,0.6084,6738.1,39456
2000,262144000,,2.276890,9.7463,1.588752e-04,,6740.5,
2010,263454720,2.435268,,,1.577420e-04,0.6545,6777.5,33236
2020,264765440,2.452277,,,1.566093e-04,0.6357,6810.8,39349
2030,266076160,2.433388,,,1.554772e-04,0.6442,6844.0,39496
2040,267386880,2.386328,,,1.543458e-04,0.6617,6877.8,38882
2050,268697600,2.398803,,,1.532151e-04,0.6986,6911.1,39276
2060,270008320,2.387752,,,1.520853e-04,0.6654,6944.3,39485
2070,271319040,2.414738,,,1.509564e-04,0.6523,6977.7,39250
2080,272629760,2.446167,,,1.498284e-04,0.6405,7011.4,38976
2090,273940480,2.408751,,,1.487016e-04,0.6538,7044.9,39097
2100,275251200,2.385875,,,1.475758e-04,0.6696,7078.4,39158
2110,276561920,2.415985,,,1.464514e-04,0.6319,7111.8,39182
2120,277872640,2.392025,,,1.453282e-04,0.6402,7145.2,39247
2130,279183360,2.323798,,,1.442064e-04,0.6652,7178.7,39192
2140,280494080,2.391267,,,1.430861e-04,0.6084,7212.1,39245
2150,281804800,2.387398,,,1.419673e-04,0.6262,7245.6,39185
2160,283115520,2.408001,,,1.408502e-04,0.6010,7279.0,39248
2170,284426240,2.447427,,,1.397347e-04,0.6267,7312.3,39346
2180,285736960,2.326852,,,1.386211e-04,0.6190,7345.7,39285
2190,287047680,2.389565,,,1.375093e-04,0.6068,7380.6,37460
2200,288358400,2.445635,,,1.363994e-04,0.6540,7414.1,39247
2210,289669120,2.362295,,,1.352916e-04,0.5974,7447.6,39102
2220,290979840,2.358072,,,1.341859e-04,0.6150,7481.2,39048
2230,292290560,2.396970,,,1.330823e-04,0.6155,7514.7,39107
2240,293601280,2.372483,,,1.319810e-04,0.6244,7548.1,39214
2250,294912000,2.351549,,,1.308821e-04,0.6572,7581.5,39206
2250,294912000,,2.241091,9.4036,1.308821e-04,,7584.0,
2260,296222720,2.464048,,,1.297855e-04,0.6253,7621.1,33126
2270,297533440,2.355353,,,1.286915e-04,0.6903,7654.5,39244
2280,298844160,2.452104,,,1.276000e-04,0.6135,7687.6,39624
2290,300154880,2.335917,,,1.265111e-04,0.6275,7721.0,39249
2300,301465600,2.364667,,,1.254249e-04,0.6182,7754.6,38996
2310,302776320,2.433047,,,1.243416e-04,0.6191,7788.0,39266
2320,304087040,2.357393,,,1.232611e-04,0.5944,7821.3,39370
2330,305397760,2.370061,,,1.221836e-04,0.6196,7854.5,39457
2340,306708480,2.446820,,,1.211091e-04,0.5923,7887.9,39331
2350,308019200,2.389283,,,1.200377e-04,0.6226,7921.2,39348
2360,309329920,2.349019,,,1.189695e-04,0.6026,7954.5,39323
2370,310640640,2.353137,,,1.179045e-04,0.6548,7987.8,39415
2380,311951360,2.431271,,,1.168428e-04,0.5888,8021.1,39399
2390,313262080,2.424404,,,1.157846e-04,0.6489,8054.3,39403
2400,314572800,2.450963,,,1.147298e-04,0.5923,8087.7,39347
2410,315883520,2.330238,,,1.136786e-04,0.6193,8120.9,39484
2420,317194240,2.381298,,,1.126310e-04,0.6235,8154.3,39253
2430,318504960,2.426644,,,1.115871e-04,0.6172,8187.7,39175
2440,319815680,2.293842,,,1.105470e-04,0.6344,8222.9,37225
2450,321126400,2.372206,,,1.095107e-04,0.6567,8256.4,39202
2460,322437120,2.313906,,,1.084784e-04,0.5829,8289.7,39318
2470,323747840,2.410193,,,1.074500e-04,0.6039,8323.1,39245
2480,325058560,2.318435,,,1.064257e-04,0.5929,8356.5,39339
2490,326369280,2.331643,,,1.054055e-04,0.6644,8389.8,39371
2500,327680000,2.398724,,,1.043896e-04,0.6285,8423.1,39328
2500,327680000,,2.209614,9.1122,1.043896e-04,,8425.5,
2510,328990720,2.427782,,,1.033779e-04,0.5794,8462.5,33256
2520,330301440,2.385319,,,1.023706e-04,0.5671,8495.7,39457
2530,331612160,2.415706,,,1.013677e-04,0.6235,8529.0,39435
2540,332922880,2.364724,,,1.003693e-04,0.6054,8562.6,38998
2550,334233600,2.269379,,,9.937546e-05,0.6099,8595.8,39529
2560,335544320,2.411414,,,9.838626e-05,0.5831,8629.0,39454
2570,336855040,2.390060,,,9.740176e-05,0.5947,8662.3,39332
2580,338165760,2.406137,,,9.642204e-05,0.5900,8695.3,39723
2590,339476480,2.344123,,,9.544717e-05,0.6876,8728.0,40070
2600,340787200,2.455149,,,9.447721e-05,0.6116,8760.7,40159
2610,342097920,2.318118,,,9.351222e-05,0.6257,8793.3,40170
2620,343408640,2.320955,,,9.255229e-05,0.6308,8826.0,40156
2630,344719360,2.317503,,,9.159748e-05,0.6046,8858.6,40196
2640,346030080,2.227373,,,9.064785e-05,0.5665,8891.2,40206
2650,347340800,2.368758,,,8.970347e-05,0.5925,8923.8,40164
2660,348651520,2.316995,,,8.876441e-05,0.5999,8957.5,38991
2670,349962240,2.471161,,,8.783073e-05,0.6364,8990.9,39239
2680,351272960,2.391576,,,8.690251e-05,0.6067,9024.1,39450
2690,352583680,2.296358,,,8.597980e-05,0.6023,9059.5,37044
2700,353894400,2.428362,,,8.506268e-05,0.6562,9093.0,39116
2710,355205120,2.411366,,,8.415120e-05,0.6124,9126.2,39477
2720,356515840,2.275925,,,8.324543e-05,0.6274,9159.5,39363
2730,357826560,2.151511,,,8.234543e-05,0.5771,9193.0,39177
2740,359137280,2.347313,,,8.145128e-05,0.6364,9226.5,39109
2750,360448000,2.369005,,,8.056302e-05,0.5842,9260.1,39031
2750,360448000,,2.187234,8.9105,8.056302e-05,,9262.5,
2760,361758720,2.225974,,,7.968073e-05,0.5750,9299.5,33256
2770,363069440,2.280246,,,7.880447e-05,0.5883,9332.8,39382
2780,364380160,2.315323,,,7.793429e-05,0.6292,9365.9,39571
2790,365690880,2.267289,,,7.707027e-05,0.6233,9399.4,39176
2800,367001600,2.376995,,,7.621245e-05,0.6058,9433.0,38994
2810,368312320,2.334924,,,7.536091e-05,0.6212,9466.6,39033
2820,369623040,2.303662,,,7.451570e-05,0.5755,9500.0,39257
2830,370933760,2.332096,,,7.367688e-05,0.5847,9533.2,39484
2840,372244480,2.377893,,,7.284451e-05,0.6030,9566.5,39334
2850,373555200,2.337089,,,7.201865e-05,0.5929,9600.0,39183
2860,374865920,2.261169,,,7.119936e-05,0.5900,9633.5,39062
2870,376176640,2.266616,,,7.038669e-05,0.5734,9667.0,39170
2880,377487360,2.292617,,,6.958071e-05,0.5903,9700.4,39214
2890,378798080,2.384426,,,6.878146e-05,0.6066,9733.7,39458
2900,380108800,2.287169,,,6.798902e-05,0.5901,9766.9,39475
2910,381419520,2.342904,,,6.720342e-05,0.6426,9800.1,39467
2920,382730240,2.338839,,,6.642473e-05,0.6230,9833.3,39500
2930,384040960,2.344500,,,6.565301e-05,0.5999,9866.6,39336
2940,385351680,2.316128,,,6.488830e-05,0.5695,9901.9,37149
2950,386662400,2.349482,,,6.413067e-05,0.5997,9935.4,39136
2960,387973120,2.342715,,,6.338016e-05,0.6308,9968.7,39388
2970,389283840,2.255776,,,6.263682e-05,0.6159,10001.9,39428
2980,390594560,2.351742,,,6.190072e-05,0.6052,10035.2,39431
2990,391905280,2.299828,,,6.117190e-05,0.5642,10068.4,39440
3000,393216000,2.346818,,,6.045041e-05,0.5808,10101.7,39334
3000,393216000,,2.168725,8.7471,6.045041e-05,,10104.2,
3010,394526720,2.319710,,,5.973631e-05,0.5885,10141.4,33042
3020,395837440,2.300995,,,5.902965e-05,0.5886,10174.9,39178
3030,397148160,2.105321,,,5.833046e-05,0.5689,10208.0,39554
3040,398458880,2.283891,,,5.763882e-05,0.5982,10241.6,39078
3050,399769600,2.410991,,,5.695475e-05,0.5884,10275.1,39130
3060,401080320,2.422786,,,5.627832e-05,0.6302,10308.4,39293
3070,402391040,2.467204,,,5.560957e-05,0.6330,10341.7,39369
3080,403701760,2.290372,,,5.494855e-05,0.5772,10375.0,39464
3090,405012480,2.345461,,,5.429530e-05,0.5770,10408.2,39478
3100,406323200,2.312693,,,5.364986e-05,0.5805,10441.4,39475
3110,407633920,2.159387,,,5.301230e-05,0.6037,10474.7,39367
3120,408944640,2.366610,,,5.238264e-05,0.5947,10507.9,39501
3130,410255360,2.301289,,,5.176094e-05,0.5835,10541.2,39287
3140,411566080,2.337384,,,5.114724e-05,0.5930,10574.9,39007
3150,412876800,2.341774,,,5.054157e-05,0.5813,10608.2,39358
3160,414187520,2.181560,,,4.994400e-05,0.5476,10641.3,39507
3170,415498240,2.345137,,,4.935455e-05,0.5714,10674.7,39340
3180,416808960,2.241582,,,4.877327e-05,0.5796,10708.1,39260
3190,418119680,2.202990,,,4.820020e-05,0.5748,10743.2,37330
3200,419430400,2.332954,,,4.763537e-05,0.6199,10776.8,39031
3210,420741120,2.338257,,,4.707884e-05,0.5990,10810.1,39274
3220,422051840,2.192677,,,4.653064e-05,0.5766,10843.4,39413
3230,423362560,2.158021,,,4.599081e-05,0.5602,10876.6,39501
3240,424673280,2.362538,,,4.545938e-05,0.5890,10909.8,39489
3250,425984000,2.348839,,,4.493640e-05,0.5694,10943.1,39386
3250,425984000,,2.153804,8.6176,4.493640e-05,,10945.5,
3260,427294720,2.259670,,,4.442189e-05,0.5787,10982.3,33470
3270,428605440,2.256529,,,4.391591e-05,0.6053,11015.9,38940
3280,429916160,2.311323,,,4.341847e-05,0.6232,11049.1,39513
3290,431226880,2.260325,,,4.292963e-05,0.5662,11082.8,38940
3300,432537600,2.162479,,,4.244941e-05,0.5834,11116.2,39245
3310,433848320,2.365491,,,4.197784e-05,0.5822,11149.3,39563
3320,435159040,2.426991,,,4.151496e-05,0.5652,11182.7,39204
3330,436469760,2.301342,,,4.106081e-05,0.5773,11216.4,38958
3340,437780480,2.283106,,,4.061541e-05,0.5554,11249.7,39322
3350,439091200,2.287085,,,4.017879e-05,0.6025,11283.0,39424
3360,440401920,2.341602,,,3.975099e-05,0.6112,11316.1,39562
3370,441712640,2.369416,,,3.933204e-05,0.5659,11349.5,39300
3380,443023360,2.362229,,,3.892197e-05,0.5814,11383.1,38991
3390,444334080,2.326691,,,3.852080e-05,0.5732,11416.5,39263
3400,445644800,2.356291,,,3.812857e-05,0.6152,11449.7,39464
3410,446955520,2.341169,,,3.774529e-05,0.5733,11483.0,39411
3420,448266240,2.418724,,,3.737101e-05,0.5781,11516.2,39490
3430,449576960,2.326787,,,3.700574e-05,0.6038,11549.4,39438
3440,450887680,2.294712,,,3.664951e-05,0.5850,11584.6,37247
3450,452198400,2.230896,,,3.630235e-05,0.5629,11618.2,39031
3460,453509120,2.185217,,,3.596427e-05,0.5670,11651.6,39230
3470,454819840,2.275423,,,3.563532e-05,0.5506,11685.0,39332
3480,456130560,2.329400,,,3.531550e-05,0.5915,11718.2,39470
3490,457441280,2.311198,,,3.500484e-05,0.5624,11751.4,39506
3500,458752000,2.264113,,,3.470336e-05,0.5616,11784.5,39553
3500,458752000,,2.145992,8.5505,3.470336e-05,,11786.9,
3510,460062720,2.268818,,,3.441108e-05,0.5602,11824.0,33177
3520,461373440,2.185967,,,3.412803e-05,0.5882,11857.5,39201
3530,462684160,2.344641,,,3.385423e-05,0.5875,11890.7,39486
3540,463994880,2.457952,,,3.358968e-05,0.5941,11924.3,39001
3550,465305600,2.347589,,,3.333442e-05,0.6191,11957.8,39151
3560,466616320,2.401870,,,3.308846e-05,0.6396,11991.1,39263
3570,467927040,2.362792,,,3.285182e-05,0.5806,12024.6,39239
3580,469237760,2.173797,,,3.262451e-05,0.5693,12057.9,39319
3590,470548480,2.232255,,,3.240655e-05,0.5835,12091.3,39279
3600,471859200,2.297276,,,3.219796e-05,0.5958,12124.4,39526
3610,473169920,2.264597,,,3.199875e-05,0.5534,12157.9,39151
3620,474480640,2.214689,,,3.180893e-05,0.5374,12191.5,39061
3630,475791360,2.391545,,,3.162852e-05,0.5962,12225.0,39123
3640,477102080,2.199318,,,3.145753e-05,0.5655,12258.5,39079
3650,478412800,2.186573,,,3.129598e-05,0.5544,12292.1,39028
3660,479723520,2.299402,,,3.114386e-05,0.5806,12325.6,39227
3670,481034240,2.285110,,,3.100121e-05,0.5899,12358.7,39518
3680,482344960,2.256268,,,3.086801e-05,0.5733,12391.8,39629
3690,483655680,2.265225,,,3.074430e-05,0.5654,12426.7,37569
3700,484966400,2.344281,,,3.063006e-05,0.5814,12460.2,39187
3710,486277120,2.361473,,,3.052532e-05,0.5810,12493.5,39298
3720,487587840,2.222591,,,3.043007e-05,0.5632,12526.6,39651
3730,488898560,2.288421,,,3.034433e-05,0.5776,12559.7,39589
3740,490209280,2.323599,,,3.026810e-05,0.5726,12592.8,39594
3750,491520000,2.191769,,,3.020139e-05,0.5609,12625.9,39580
3750,491520000,,2.136944,8.4735,3.020139e-05,,12628.4,
3760,492830720,2.236425,,,3.014420e-05,0.5890,12665.2,33383
3770,494141440,2.355273,,,3.009654e-05,0.6005,12698.6,39219
3780,495452160,2.285848,,,3.005840e-05,0.5817,12731.7,39697
3790,496762880,2.325189,,,3.002980e-05,0.6069,12765.2,39105
3800,498073600,2.230435,,,3.001073e-05,0.5672,12798.4,39527
3810,499384320,2.360542,,,3.000119e-05,0.6199,12831.3,39829
3814,499908608,,2.135594,8.4621,3.000005e-05,,12846.9,
